{"textures":{"4":"modelengine:entity/anubis_amat_head"},"elements":[{"from":[3.8000002,7.5,6.0],"to":[12.2,19.7,8.0],"faces":{"east":{"uv":[9.333334,8.0,10.0,12.0],"tintindex":0,"rotation":0,"texture":"#4"},"south":{"uv":[2.6666667,0.0,5.3333335,4.0],"tintindex":0,"rotation":0,"texture":"#4"},"north":{"uv":[0.0,0.0,2.6666667,4.0],"tintindex":0,"rotation":0,"texture":"#4"},"west":{"uv":[9.666667,0.0,10.333334,4.0],"tintindex":0,"rotation":0,"texture":"#4"},"up":{"uv":[8.0,11.333334,5.3333335,10.666667],"tintindex":0,"rotation":0,"texture":"#4"},"down":{"uv":[13.333334,9.0,10.666667,9.666667],"tintindex":0,"rotation":0,"texture":"#4"}}},{"from":[4.25,7.5,8.0],"to":[4.25,19.5,9.5],"faces":{"east":{"uv":[0.0,10.333334,0.6666667,14.333334],"tintindex":0,"rotation":0,"texture":"#4"},"west":{"uv":[10.333334,0.0,11.0,4.0],"tintindex":0,"rotation":0,"texture":"#4"}}},{"from":[4.3,19.45,8.0],"to":[11.7,19.45,9.5],"faces":{"up":{"uv":[13.0,10.333334,10.666667,9.666667],"tintindex":0,"rotation":0,"texture":"#4"},"down":{"uv":[13.0,10.333334,10.666667,11.0],"tintindex":0,"rotation":0,"texture":"#4"}}},{"from":[11.75,7.5,8.0],"to":[11.75,19.5,9.5],"faces":{"east":{"uv":[9.666667,4.0,10.333334,8.0],"tintindex":0,"rotation":0,"texture":"#4"},"west":{"uv":[10.0,8.0,10.666667,12.0],"tintindex":0,"rotation":0,"texture":"#4"}}}],"display":{"gui":{"rotation":[30,225,0]}}}