{"textures":{"4":"modelengine:entity/anubis_amat_head"},"elements":[{"from":[4.5,28.75,8.5],"to":[11.5,28.75,10.0],"faces":{"up":{"uv":[13.333334,0.6666667,11.0,0.0],"tintindex":0,"rotation":0,"texture":"#4"},"down":{"uv":[13.333334,0.6666667,11.0,1.3333334],"tintindex":0,"rotation":0,"texture":"#4"}}},{"from":[4.45,17.0,8.5],"to":[4.45,29.0,10.0],"faces":{"east":{"uv":[3.3333335,10.666667,4.0,14.666667],"tintindex":0,"rotation":0,"texture":"#4"},"west":{"uv":[4.0,10.666667,4.666667,14.666667],"tintindex":0,"rotation":0,"texture":"#4"}}},{"from":[4.0,17.0,10.0],"to":[12.0,29.0,13.0],"faces":{"east":{"uv":[8.666667,0.0,9.666667,4.0],"tintindex":0,"rotation":0,"texture":"#4"},"south":{"uv":[2.6666667,4.0,5.3333335,8.0],"tintindex":0,"rotation":0,"texture":"#4"},"north":{"uv":[0.0,4.0,2.6666667,8.0],"tintindex":0,"rotation":0,"texture":"#4"},"west":{"uv":[8.666667,4.0,9.666667,8.0],"tintindex":0,"rotation":0,"texture":"#4"},"up":{"uv":[3.3333335,11.333334,0.6666667,10.333334],"tintindex":0,"rotation":0,"texture":"#4"},"down":{"uv":[13.0,4.0,10.333334,5.0],"tintindex":0,"rotation":0,"texture":"#4"}}},{"from":[11.45,17.0,8.5],"to":[11.45,29.0,10.0],"faces":{"east":{"uv":[4.666667,10.666667,5.3333335,14.666667],"tintindex":0,"rotation":0,"texture":"#4"},"west":{"uv":[10.666667,5.0,11.333334,9.0],"tintindex":0,"rotation":0,"texture":"#4"}}}],"display":{"gui":{"rotation":[30,225,0]}}}