{"textures":{"4":"modelengine:entity/anubis_amat_head"},"elements":[{"from":[3.0,11.0,5.0],"to":[13.0,18.0,14.0],"faces":{"east":{"uv":[3.3333335,8.333334,6.3333335,10.666667],"tintindex":0,"rotation":0,"texture":"#4"},"south":{"uv":[0.0,8.0,3.3333335,10.333334],"tintindex":0,"rotation":0,"texture":"#4"},"north":{"uv":[5.3333335,6.0,8.666667,8.333334],"tintindex":0,"rotation":0,"texture":"#4"},"west":{"uv":[6.3333335,8.333334,9.333334,10.666667],"tintindex":0,"rotation":0,"texture":"#4"},"up":{"uv":[8.666667,3.0,5.3333335,0.0],"tintindex":0,"rotation":0,"texture":"#4"},"down":{"uv":[8.666667,3.0,5.3333335,6.0],"tintindex":0,"rotation":0,"texture":"#4"}}}],"display":{"gui":{"rotation":[30,225,0]}}}