{"textures":{"2":"modelengine:entity/anubis_scales"},"elements":[{"from":[5.249999,-4.124999,5.25],"to":[10.75,-3.2249994,10.75],"faces":{"east":{"uv":[9.714286,0.8571429,11.285715,1.1428572],"tintindex":0,"rotation":0,"texture":"#2"},"south":{"uv":[10.571429,2.5714288,12.142858,2.857143],"tintindex":0,"rotation":0,"texture":"#2"},"north":{"uv":[9.428572,8.0,11.000001,8.285715],"tintindex":0,"rotation":0,"texture":"#2"},"west":{"uv":[10.571429,5.1428576,12.142858,5.4285717],"tintindex":0,"rotation":0,"texture":"#2"},"up":{"uv":[7.0000005,7.0000005,5.4285717,5.4285717],"tintindex":0,"rotation":0,"texture":"#2"},"down":{"uv":[3.5714288,6.2857146,2.0,7.8571434],"tintindex":0,"rotation":0,"texture":"#2"}}},{"from":[4.999999,-3.5250006,5.0],"to":[11.0,-3.124999,11.0],"faces":{"east":{"uv":[11.142858,8.0,12.857143,8.142858],"tintindex":0,"rotation":0,"texture":"#2"},"south":{"uv":[11.142858,9.428572,12.857143,9.571429],"tintindex":0,"rotation":0,"texture":"#2"},"north":{"uv":[11.142858,7.1428576,12.857143,7.2857146],"tintindex":0,"rotation":0,"texture":"#2"},"west":{"uv":[11.428572,0.8571429,13.142858,1.0],"tintindex":0,"rotation":0,"texture":"#2"},"up":{"uv":[3.7142859,6.2857146,2.0,4.571429],"tintindex":0,"rotation":0,"texture":"#2"},"down":{"uv":[6.2857146,2.0,4.571429,3.7142859],"tintindex":0,"rotation":0,"texture":"#2"}}}],"display":{"gui":{"rotation":[30,225,0]}}}