{"textures":{"2":"modelengine:entity/anubis_scales"},"elements":[{"from":[5.25,-4.124999,5.25],"to":[10.75,-3.2249994,10.75],"faces":{"east":{"uv":[10.571429,5.714286,12.142858,6.0000005],"tintindex":0,"rotation":0,"texture":"#2"},"south":{"uv":[10.571429,6.0000005,12.142858,6.2857146],"tintindex":0,"rotation":0,"texture":"#2"},"north":{"uv":[10.571429,5.4285717,12.142858,5.714286],"tintindex":0,"rotation":0,"texture":"#2"},"west":{"uv":[10.571429,6.2857146,12.142858,6.571429],"tintindex":0,"rotation":0,"texture":"#2"},"up":{"uv":[7.8571434,3.5714288,6.2857146,2.0],"tintindex":0,"rotation":0,"texture":"#2"},"down":{"uv":[5.2857146,6.2857146,3.7142859,7.8571434],"tintindex":0,"rotation":0,"texture":"#2"}}},{"from":[5.0,-3.5250006,5.0],"to":[11.0,-3.124999,11.0],"faces":{"east":{"uv":[11.428572,4.857143,13.142858,5.0],"tintindex":0,"rotation":0,"texture":"#2"},"south":{"uv":[5.1428576,11.428572,6.8571434,11.571429],"tintindex":0,"rotation":0,"texture":"#2"},"north":{"uv":[11.428572,4.571429,13.142858,4.714286],"tintindex":0,"rotation":0,"texture":"#2"},"west":{"uv":[10.285715,11.428572,12.000001,11.571429],"tintindex":0,"rotation":0,"texture":"#2"},"up":{"uv":[5.4285717,6.2857146,3.7142859,4.571429],"tintindex":0,"rotation":0,"texture":"#2"},"down":{"uv":[7.1428576,3.7142859,5.4285717,5.4285717],"tintindex":0,"rotation":0,"texture":"#2"}}}],"display":{"gui":{"rotation":[30,225,0]}}}