{"textures":{"2":"modelengine:entity/anubis_scales"},"elements":[{"from":[7.9000006,7.800001,7.9],"to":[8.1,20.2,8.1],"faces":{"east":{"uv":[8.285715,9.714286,8.428572,13.285715],"tintindex":0,"rotation":0,"texture":"#2"},"south":{"uv":[8.571429,9.714286,8.714286,13.285715],"tintindex":0,"rotation":0,"texture":"#2"},"north":{"uv":[8.0,9.714286,8.142858,13.285715],"tintindex":0,"rotation":0,"texture":"#2"},"west":{"uv":[8.857143,9.714286,9.0,13.285715],"tintindex":0,"rotation":0,"texture":"#2"},"up":{"uv":[12.428572,1.8571429,12.285715,1.7142859],"tintindex":0,"rotation":0,"texture":"#2"},"down":{"uv":[12.428572,2.0,12.285715,2.1428573],"tintindex":0,"rotation":0,"texture":"#2"}}}],"display":{"gui":{"rotation":[30,225,0]}}}