{"textures":{"2":"modelengine:entity/anubis_scales"},"elements":[{"from":[7.9000006,7.800001,7.9],"to":[8.1,20.2,8.1],"faces":{"east":{"uv":[2.0,10.0,2.1428573,13.571429],"tintindex":0,"rotation":0,"texture":"#2"},"south":{"uv":[2.2857144,10.0,2.4285715,13.571429],"tintindex":0,"rotation":0,"texture":"#2"},"north":{"uv":[1.7142859,10.0,1.8571429,13.571429],"tintindex":0,"rotation":0,"texture":"#2"},"west":{"uv":[2.5714288,10.0,2.7142859,13.571429],"tintindex":0,"rotation":0,"texture":"#2"},"up":{"uv":[4.1428576,12.428572,4.0,12.285715],"tintindex":0,"rotation":0,"texture":"#2"},"down":{"uv":[5.2857146,12.285715,5.1428576,12.428572],"tintindex":0,"rotation":0,"texture":"#2"}}}],"display":{"gui":{"rotation":[30,225,0]}}}