{"textures":{"3":"modelengine:entity/anubis_scales_feather"},"elements":[{"from":[8.0,7.9750004,7.175],"to":[9.0,7.9750004,8.825],"faces":{"up":{"uv":[1.3333334,10.333334,0.0,8.0],"tintindex":0,"rotation":0,"texture":"#3"},"down":{"uv":[9.333334,0.0,8.0,2.3333335],"tintindex":0,"rotation":0,"texture":"#3"}}},{"from":[8.0,7.924999,7.925],"to":[10.0,8.074999,8.075],"faces":{"east":{"uv":[6.666667,10.666667,7.0,11.0],"tintindex":0,"rotation":0,"texture":"#3"},"south":{"uv":[9.333334,1.3333334,12.0,1.6666667],"tintindex":0,"rotation":0,"texture":"#3"},"north":{"uv":[1.3333334,9.333334,4.0,9.666667],"tintindex":0,"rotation":0,"texture":"#3"},"west":{"uv":[10.666667,6.666667,11.0,7.0],"tintindex":0,"rotation":0,"texture":"#3"},"up":{"uv":[6.666667,9.666667,4.0,9.333334],"tintindex":0,"rotation":0,"texture":"#3"},"down":{"uv":[9.333334,9.333334,6.666667,9.666667],"tintindex":0,"rotation":0,"texture":"#3"}}}],"display":{"gui":{"rotation":[30,225,0]}}}