{"textures":{"2":"modelengine:entity/anubis_scales"},"elements":[{"from":[7.8999996,7.800001,7.9],"to":[8.1,20.2,8.1],"faces":{"east":{"uv":[4.571429,9.714286,4.714286,13.285715],"tintindex":0,"rotation":0,"texture":"#2"},"south":{"uv":[7.4285717,9.714286,7.571429,13.285715],"tintindex":0,"rotation":0,"texture":"#2"},"north":{"uv":[4.2857146,9.714286,4.4285717,13.285715],"tintindex":0,"rotation":0,"texture":"#2"},"west":{"uv":[7.714286,9.714286,7.8571434,13.285715],"tintindex":0,"rotation":0,"texture":"#2"},"up":{"uv":[1.5714287,12.428572,1.4285715,12.285715],"tintindex":0,"rotation":0,"texture":"#2"},"down":{"uv":[12.428572,1.4285715,12.285715,1.5714287],"tintindex":0,"rotation":0,"texture":"#2"}}}],"display":{"gui":{"rotation":[30,225,0]}}}