{"textures":{"2":"modelengine:entity/anubis_scales"},"elements":[{"from":[5.0,8.5,5.9],"to":[6.0,11.15,6.9],"faces":{"east":{"uv":[5.1428576,8.0,5.4285717,8.714286],"tintindex":0,"rotation":0,"texture":"#2"},"south":{"uv":[4.0,10.571429,4.2857146,11.285715],"tintindex":0,"rotation":0,"texture":"#2"},"north":{"uv":[1.7142859,6.571429,2.0,7.2857146],"tintindex":0,"rotation":0,"texture":"#2"},"west":{"uv":[9.714286,10.571429,10.0,11.285715],"tintindex":0,"rotation":0,"texture":"#2"},"up":{"uv":[4.2857146,8.857143,4.0,8.571429],"tintindex":0,"rotation":0,"texture":"#2"},"down":{"uv":[6.571429,10.285715,6.2857146,10.571429],"tintindex":0,"rotation":0,"texture":"#2"}},"rotation":{"origin":[5.5,9.875,6.25],"angle":-22.5,"axis":"x"}},{"from":[5.75,9.049999,6.9],"to":[6.25,11.700001,7.4],"faces":{"east":{"uv":[1.1428572,12.000001,1.2857144,12.714286],"tintindex":0,"rotation":0,"texture":"#2"},"south":{"uv":[12.000001,2.857143,12.142858,3.5714288],"tintindex":0,"rotation":0,"texture":"#2"},"north":{"uv":[0.8571429,12.000001,1.0,12.714286],"tintindex":0,"rotation":0,"texture":"#2"},"west":{"uv":[3.4285717,12.000001,3.5714288,12.714286],"tintindex":0,"rotation":0,"texture":"#2"},"up":{"uv":[12.428572,3.2857144,12.285715,3.1428573],"tintindex":0,"rotation":0,"texture":"#2"},"down":{"uv":[12.428572,3.4285717,12.285715,3.5714288],"tintindex":0,"rotation":0,"texture":"#2"}},"rotation":{"origin":[6.5,10.375,6.75],"angle":-22.5,"axis":"x"}},{"from":[5.25,9.549999,7.0],"to":[5.75,12.200001,7.5],"faces":{"east":{"uv":[11.142858,11.714286,11.285715,12.428572],"tintindex":0,"rotation":0,"texture":"#2"},"south":{"uv":[11.428572,11.714286,11.571429,12.428572],"tintindex":0,"rotation":0,"texture":"#2"},"north":{"uv":[10.857143,11.714286,11.000001,12.428572],"tintindex":0,"rotation":0,"texture":"#2"},"west":{"uv":[11.714286,11.714286,11.857143,12.428572],"tintindex":0,"rotation":0,"texture":"#2"},"up":{"uv":[12.428572,2.7142859,12.285715,2.5714288],"tintindex":0,"rotation":0,"texture":"#2"},"down":{"uv":[12.428572,2.857143,12.285715,3.0000002],"tintindex":0,"rotation":0,"texture":"#2"}}},{"from":[5.0,9.25,7.05],"to":[6.0,11.9,8.05],"faces":{"east":{"uv":[9.714286,11.428572,10.0,12.142858],"tintindex":0,"rotation":0,"texture":"#2"},"south":{"uv":[11.428572,10.285715,11.714286,11.000001],"tintindex":0,"rotation":0,"texture":"#2"},"north":{"uv":[4.0,11.428572,4.2857146,12.142858],"tintindex":0,"rotation":0,"texture":"#2"},"west":{"uv":[0.0,11.714286,0.2857143,12.428572],"tintindex":0,"rotation":0,"texture":"#2"},"up":{"uv":[6.2857146,11.428572,6.0000005,11.142858],"tintindex":0,"rotation":0,"texture":"#2"},"down":{"uv":[12.000001,10.571429,11.714286,10.857143],"tintindex":0,"rotation":0,"texture":"#2"}},"rotation":{"origin":[6.5,9.875,8.25],"angle":22.5,"axis":"x"}}],"display":{"gui":{"rotation":[30,225,0]}}}