{"textures":{"2":"modelengine:entity/anubis_scales"},"elements":[{"from":[8.25,7.425,7.2],"to":[10.25,8.325,8.8],"faces":{"east":{"uv":[10.285715,11.714286,10.714286,12.000001],"tintindex":0,"rotation":0,"texture":"#2"},"south":{"uv":[6.2857146,11.714286,6.8571434,12.000001],"tintindex":0,"rotation":0,"texture":"#2"},"north":{"uv":[5.714286,11.714286,6.2857146,12.000001],"tintindex":0,"rotation":0,"texture":"#2"},"west":{"uv":[11.714286,10.285715,12.142858,10.571429],"tintindex":0,"rotation":0,"texture":"#2"},"up":{"uv":[7.4285717,11.857143,6.8571434,11.428572],"tintindex":0,"rotation":0,"texture":"#2"},"down":{"uv":[9.714286,11.428572,9.142858,11.857143],"tintindex":0,"rotation":0,"texture":"#2"}}}],"display":{"gui":{"rotation":[30,225,0]}}}