{"textures":{"2":"modelengine:entity/anubis_scales"},"elements":[{"from":[2.5,7.25,7.0],"to":[13.5,8.75,9.0],"faces":{"east":{"uv":[11.142858,8.857143,11.714286,9.285715],"tintindex":0,"rotation":0,"texture":"#2"},"south":{"uv":[7.714286,8.285715,10.857143,8.714286],"tintindex":0,"rotation":0,"texture":"#2"},"north":{"uv":[8.0,2.857143,11.142858,3.2857144],"tintindex":0,"rotation":0,"texture":"#2"},"west":{"uv":[3.4285717,11.428572,4.0,11.857143],"tintindex":0,"rotation":0,"texture":"#2"},"up":{"uv":[9.714286,0.5714286,6.571429,0.0],"tintindex":0,"rotation":0,"texture":"#2"},"down":{"uv":[9.714286,0.5714286,6.571429,1.1428572],"tintindex":0,"rotation":0,"texture":"#2"}}}],"display":{"gui":{"rotation":[30,225,0]}}}