{"textures":{"2":"modelengine:entity/anubis_scales"},"elements":[{"from":[7.0,8.799999,6.25],"to":[9.0,11.200001,9.0],"faces":{"east":{"uv":[9.714286,8.857143,10.428572,9.571429],"tintindex":0,"rotation":0,"texture":"#2"},"south":{"uv":[10.571429,8.857143,11.142858,9.571429],"tintindex":0,"rotation":0,"texture":"#2"},"north":{"uv":[6.8571434,10.571429,7.4285717,11.285715],"tintindex":0,"rotation":0,"texture":"#2"},"west":{"uv":[9.142858,9.714286,9.857143,10.428572],"tintindex":0,"rotation":0,"texture":"#2"},"up":{"uv":[9.714286,11.285715,9.142858,10.571429],"tintindex":0,"rotation":0,"texture":"#2"},"down":{"uv":[10.857143,10.571429,10.285715,11.285715],"tintindex":0,"rotation":0,"texture":"#2"}}}],"display":{"gui":{"rotation":[30,225,0]}}}