{"textures":{"2":"modelengine:entity/anubis_scales"},"elements":[{"from":[6.5,6.5,6.75],"to":[9.5,9.5,9.25],"faces":{"east":{"uv":[2.5714288,9.142858,3.2857144,10.0],"tintindex":0,"rotation":0,"texture":"#2"},"south":{"uv":[1.7142859,9.142858,2.5714288,10.0],"tintindex":0,"rotation":0,"texture":"#2"},"north":{"uv":[8.857143,8.857143,9.714286,9.714286],"tintindex":0,"rotation":0,"texture":"#2"},"west":{"uv":[4.857143,9.428572,5.571429,10.285715],"tintindex":0,"rotation":0,"texture":"#2"},"up":{"uv":[6.571429,10.142858,5.714286,9.428572],"tintindex":0,"rotation":0,"texture":"#2"},"down":{"uv":[10.571429,0.0,9.714286,0.71428573],"tintindex":0,"rotation":0,"texture":"#2"}}}],"display":{"gui":{"rotation":[30,225,0]}}}