{"textures":{"2":"modelengine:entity/anubis_scales"},"elements":[{"from":[4.75,-0.5625,4.75],"to":[11.25,1.4375,11.25],"faces":{"east":{"uv":[8.571429,5.714286,10.428572,6.2857146],"tintindex":0,"rotation":0,"texture":"#2"},"south":{"uv":[8.571429,6.2857146,10.428572,6.8571434],"tintindex":0,"rotation":0,"texture":"#2"},"north":{"uv":[8.571429,5.1428576,10.428572,5.714286],"tintindex":0,"rotation":0,"texture":"#2"},"west":{"uv":[8.571429,6.8571434,10.428572,7.4285717],"tintindex":0,"rotation":0,"texture":"#2"},"up":{"uv":[1.8571429,6.4285717,0.0,4.571429],"tintindex":0,"rotation":0,"texture":"#2"},"down":{"uv":[6.4285717,0.0,4.571429,1.8571429],"tintindex":0,"rotation":0,"texture":"#2"}}},{"from":[6.5,12.4375,6.5],"to":[9.5,13.4375,9.5],"faces":{"east":{"uv":[11.142858,0.5714286,12.000001,0.8571429],"tintindex":0,"rotation":0,"texture":"#2"},"south":{"uv":[11.142858,2.2857144,12.000001,2.5714288],"tintindex":0,"rotation":0,"texture":"#2"},"north":{"uv":[6.571429,1.7142859,7.4285717,2.0],"tintindex":0,"rotation":0,"texture":"#2"},"west":{"uv":[11.142858,2.857143,12.000001,3.1428573],"tintindex":0,"rotation":0,"texture":"#2"},"up":{"uv":[9.428572,8.285715,8.571429,7.4285717],"tintindex":0,"rotation":0,"texture":"#2"},"down":{"uv":[4.857143,8.857143,4.0,9.714286],"tintindex":0,"rotation":0,"texture":"#2"}}},{"from":[6.5,1.4375,6.5],"to":[9.5,9.4375,9.5],"faces":{"east":{"uv":[6.2857146,7.1428576,7.1428576,9.428572],"tintindex":0,"rotation":0,"texture":"#2"},"south":{"uv":[7.714286,3.7142859,8.571429,6.0000005],"tintindex":0,"rotation":0,"texture":"#2"},"north":{"uv":[5.4285717,7.1428576,6.2857146,9.428572],"tintindex":0,"rotation":0,"texture":"#2"},"west":{"uv":[7.714286,6.0000005,8.571429,8.285715],"tintindex":0,"rotation":0,"texture":"#2"},"up":{"uv":[5.4285717,4.571429,4.571429,3.7142859],"tintindex":0,"rotation":0,"texture":"#2"},"down":{"uv":[5.1428576,8.0,4.2857146,8.857143],"tintindex":0,"rotation":0,"texture":"#2"}}},{"from":[4.0,-2.8125,4.0],"to":[12.0,-2.3125,12.0],"faces":{"east":{"uv":[10.857143,8.571429,13.142858,8.714286],"tintindex":0,"rotation":0,"texture":"#2"},"south":{"uv":[10.857143,9.714286,13.142858,9.857143],"tintindex":0,"rotation":0,"texture":"#2"},"north":{"uv":[10.857143,8.285715,13.142858,8.428572],"tintindex":0,"rotation":0,"texture":"#2"},"west":{"uv":[10.857143,10.0,13.142858,10.142858],"tintindex":0,"rotation":0,"texture":"#2"},"up":{"uv":[2.2857144,2.2857144,0.0,0.0],"tintindex":0,"rotation":0,"texture":"#2"},"down":{"uv":[2.2857144,2.2857144,0.0,4.571429],"tintindex":0,"rotation":0,"texture":"#2"}}},{"from":[7.0,9.4375,7.0],"to":[9.0,12.4375,9.0],"faces":{"east":{"uv":[10.571429,0.0,11.142858,0.8571429],"tintindex":0,"rotation":0,"texture":"#2"},"south":{"uv":[10.571429,1.7142859,11.142858,2.5714288],"tintindex":0,"rotation":0,"texture":"#2"},"north":{"uv":[10.285715,9.714286,10.857143,10.571429],"tintindex":0,"rotation":0,"texture":"#2"},"west":{"uv":[3.4285717,10.571429,4.0,11.428572],"tintindex":0,"rotation":0,"texture":"#2"},"up":{"uv":[11.714286,0.5714286,11.142858,0.0],"tintindex":0,"rotation":0,"texture":"#2"},"down":{"uv":[11.714286,1.7142859,11.142858,2.2857144],"tintindex":0,"rotation":0,"texture":"#2"}}},{"from":[7.25,9.4375,7.25],"to":[8.75,27.4375,8.75],"faces":{"east":{"uv":[0.5714286,6.571429,1.0,11.714286],"tintindex":0,"rotation":0,"texture":"#2"},"south":{"uv":[1.1428572,6.571429,1.5714287,11.714286],"tintindex":0,"rotation":0,"texture":"#2"},"north":{"uv":[0.0,6.571429,0.42857146,11.714286],"tintindex":0,"rotation":0,"texture":"#2"},"west":{"uv":[7.1428576,3.7142859,7.571429,8.857143],"tintindex":0,"rotation":0,"texture":"#2"},"up":{"uv":[12.142858,0.42857146,11.714286,0.0],"tintindex":0,"rotation":0,"texture":"#2"},"down":{"uv":[0.71428573,11.714286,0.2857143,12.142858],"tintindex":0,"rotation":0,"texture":"#2"}}},{"from":[6.5,19.4375,6.5],"to":[9.5,20.4375,9.5],"faces":{"east":{"uv":[5.1428576,11.142858,6.0000005,11.428572],"tintindex":0,"rotation":0,"texture":"#2"},"south":{"uv":[11.142858,6.571429,12.000001,6.8571434],"tintindex":0,"rotation":0,"texture":"#2"},"north":{"uv":[11.142858,3.1428573,12.000001,3.4285717],"tintindex":0,"rotation":0,"texture":"#2"},"west":{"uv":[11.142858,6.8571434,12.000001,7.1428576],"tintindex":0,"rotation":0,"texture":"#2"},"up":{"uv":[8.0,9.714286,7.1428576,8.857143],"tintindex":0,"rotation":0,"texture":"#2"},"down":{"uv":[8.857143,8.857143,8.0,9.714286],"tintindex":0,"rotation":0,"texture":"#2"}}},{"from":[4.25,-2.5625,4.25],"to":[11.75,-0.5625,11.75],"faces":{"east":{"uv":[8.571429,3.4285717,10.714286,4.0],"tintindex":0,"rotation":0,"texture":"#2"},"south":{"uv":[8.571429,4.0,10.714286,4.571429],"tintindex":0,"rotation":0,"texture":"#2"},"north":{"uv":[1.7142859,8.571429,3.857143,9.142858],"tintindex":0,"rotation":0,"texture":"#2"},"west":{"uv":[8.571429,4.571429,10.714286,5.1428576],"tintindex":0,"rotation":0,"texture":"#2"},"up":{"uv":[4.4285717,2.1428573,2.2857144,0.0],"tintindex":0,"rotation":0,"texture":"#2"},"down":{"uv":[4.4285717,2.2857144,2.2857144,4.4285717],"tintindex":0,"rotation":0,"texture":"#2"}}}],"display":{"gui":{"rotation":[30,225,0]}}}