{"textures":{"3":"modelengine:entity/anubis_scales_feather"},"elements":[{"from":[7.0,7.987501,6.675],"to":[9.0,7.987501,9.325],"faces":{"up":{"uv":[2.6666667,3.6666667,0.0,0.0],"tintindex":0,"rotation":0,"texture":"#3"},"down":{"uv":[5.3333335,0.0,2.6666667,3.6666667],"tintindex":0,"rotation":0,"texture":"#3"}}},{"from":[7.0,7.9375,7.925],"to":[9.0,8.0875,8.075],"faces":{"east":{"uv":[10.666667,2.6666667,11.0,3.0],"tintindex":0,"rotation":0,"texture":"#3"},"south":{"uv":[8.0,2.6666667,10.666667,3.0],"tintindex":0,"rotation":0,"texture":"#3"},"north":{"uv":[1.3333334,8.0,4.0,8.333334],"tintindex":0,"rotation":0,"texture":"#3"},"west":{"uv":[10.666667,4.0,11.0,4.3333335],"tintindex":0,"rotation":0,"texture":"#3"},"up":{"uv":[6.666667,8.333334,4.0,8.0],"tintindex":0,"rotation":0,"texture":"#3"},"down":{"uv":[10.666667,4.0,8.0,4.3333335],"tintindex":0,"rotation":0,"texture":"#3"}}}],"display":{"gui":{"rotation":[30,225,0]}}}