{"textures":{"2":"modelengine:entity/anubis_scales"},"elements":[{"from":[6.875,7.7125,7.6],"to":[7.875,8.1625,8.4],"faces":{"east":{"uv":[11.714286,8.857143,12.142858,9.142858],"tintindex":0,"rotation":0,"texture":"#2"},"south":{"uv":[11.428572,11.142858,12.000001,11.428572],"tintindex":0,"rotation":0,"texture":"#2"},"north":{"uv":[6.571429,9.428572,7.1428576,9.714286],"tintindex":0,"rotation":0,"texture":"#2"},"west":{"uv":[11.714286,9.142858,12.142858,9.428572],"tintindex":0,"rotation":0,"texture":"#2"},"up":{"uv":[12.000001,3.857143,11.428572,3.4285717],"tintindex":0,"rotation":0,"texture":"#2"},"down":{"uv":[12.000001,4.0,11.428572,4.4285717],"tintindex":0,"rotation":0,"texture":"#2"}}},{"from":[7.35,7.6375,7.55],"to":[7.475,8.2125,8.45],"faces":{"east":{"uv":[0.8571429,11.714286,1.4285715,12.000001],"tintindex":0,"rotation":0,"texture":"#2"},"south":{"uv":[0.2857143,12.285715,0.42857146,12.571429],"tintindex":0,"rotation":0,"texture":"#2"},"north":{"uv":[12.000001,10.571429,12.142858,10.857143],"tintindex":0,"rotation":0,"texture":"#2"},"west":{"uv":[11.714286,1.1428572,12.285715,1.4285715],"tintindex":0,"rotation":0,"texture":"#2"},"up":{"uv":[3.857143,12.571429,3.7142859,12.000001],"tintindex":0,"rotation":0,"texture":"#2"},"down":{"uv":[12.142858,11.142858,12.000001,11.714286],"tintindex":0,"rotation":0,"texture":"#2"}}},{"from":[20.774769,7.6375,7.55],"to":[20.899769,8.2125,8.45],"faces":{"east":{"uv":[11.714286,1.4285715,12.285715,1.7142859],"tintindex":0,"rotation":0,"texture":"#2"},"south":{"uv":[12.285715,1.1428572,12.428572,1.4285715],"tintindex":0,"rotation":0,"texture":"#2"},"north":{"uv":[0.5714286,12.285715,0.71428573,12.571429],"tintindex":0,"rotation":0,"texture":"#2"},"west":{"uv":[11.714286,1.7142859,12.285715,2.0],"tintindex":0,"rotation":0,"texture":"#2"},"up":{"uv":[12.142858,12.285715,12.000001,11.714286],"tintindex":0,"rotation":0,"texture":"#2"},"down":{"uv":[12.428572,0.0,12.285715,0.5714286],"tintindex":0,"rotation":0,"texture":"#2"}}}],"display":{"gui":{"rotation":[30,225,0]}}}