{"textures":{"2":"modelengine:entity/anubis_scales"},"elements":[{"from":[7.049999,8.299999,6.5],"to":[8.95,10.549999,9.3],"faces":{"east":{"uv":[3.4285717,9.714286,4.2857146,10.428572],"tintindex":0,"rotation":0,"texture":"#2"},"south":{"uv":[10.571429,6.571429,11.142858,7.2857146],"tintindex":0,"rotation":0,"texture":"#2"},"north":{"uv":[6.2857146,10.571429,6.8571434,11.285715],"tintindex":0,"rotation":0,"texture":"#2"},"west":{"uv":[6.571429,9.714286,7.4285717,10.428572],"tintindex":0,"rotation":0,"texture":"#2"},"up":{"uv":[5.714286,11.142858,5.1428576,10.285715],"tintindex":0,"rotation":0,"texture":"#2"},"down":{"uv":[6.2857146,10.285715,5.714286,11.142858],"tintindex":0,"rotation":0,"texture":"#2"}}}],"display":{"gui":{"rotation":[30,225,0]}}}