{"textures":{"2":"modelengine:entity/anubis_scales"},"elements":[{"from":[-0.5,7.425,7.1],"to":[8.5,8.575,8.9],"faces":{"east":{"uv":[7.4285717,1.7142859,8.0,2.0],"tintindex":0,"rotation":0,"texture":"#2"},"south":{"uv":[9.142858,1.4285715,11.714286,1.7142859],"tintindex":0,"rotation":0,"texture":"#2"},"north":{"uv":[9.142858,1.1428572,11.714286,1.4285715],"tintindex":0,"rotation":0,"texture":"#2"},"west":{"uv":[8.0,3.4285717,8.571429,3.7142859],"tintindex":0,"rotation":0,"texture":"#2"},"up":{"uv":[9.142858,1.7142859,6.571429,1.1428572],"tintindex":0,"rotation":0,"texture":"#2"},"down":{"uv":[4.2857146,8.0,1.7142859,8.571429],"tintindex":0,"rotation":0,"texture":"#2"}}}],"display":{"gui":{"rotation":[30,225,0]}}}