{"textures":{"2":"modelengine:entity/anubis_scales"},"elements":[{"from":[7.5,7.425,7.1],"to":[16.5,8.575,8.9],"faces":{"east":{"uv":[11.714286,2.0,12.285715,2.2857144],"tintindex":0,"rotation":0,"texture":"#2"},"south":{"uv":[9.428572,7.714286,12.000001,8.0],"tintindex":0,"rotation":0,"texture":"#2"},"north":{"uv":[9.428572,7.4285717,12.000001,7.714286],"tintindex":0,"rotation":0,"texture":"#2"},"west":{"uv":[5.1428576,11.714286,5.714286,12.000001],"tintindex":0,"rotation":0,"texture":"#2"},"up":{"uv":[10.571429,2.2857144,8.0,1.7142859],"tintindex":0,"rotation":0,"texture":"#2"},"down":{"uv":[10.571429,2.2857144,8.0,2.857143],"tintindex":0,"rotation":0,"texture":"#2"}}}],"display":{"gui":{"rotation":[30,225,0]}}}