{"textures":{"2":"modelengine:entity/anubis_scales"},"elements":[{"from":[7.8999996,7.800001,7.9],"to":[8.1,20.2,8.1],"faces":{"east":{"uv":[3.1428573,10.0,3.2857144,13.571429],"tintindex":0,"rotation":0,"texture":"#2"},"south":{"uv":[10.0,9.714286,10.142858,13.285715],"tintindex":0,"rotation":0,"texture":"#2"},"north":{"uv":[2.857143,10.0,3.0000002,13.571429],"tintindex":0,"rotation":0,"texture":"#2"},"west":{"uv":[4.857143,10.285715,5.0,13.857143],"tintindex":0,"rotation":0,"texture":"#2"},"up":{"uv":[12.428572,5.2857146,12.285715,5.1428576],"tintindex":0,"rotation":0,"texture":"#2"},"down":{"uv":[5.571429,12.285715,5.4285717,12.428572],"tintindex":0,"rotation":0,"texture":"#2"}}}],"display":{"gui":{"rotation":[30,225,0]}}}