{"textures":{"3":"modelengine:entity/anubis_scales_feather"},"elements":[{"from":[8.0,7.924999,7.925],"to":[10.0,8.074999,8.075],"faces":{"east":{"uv":[5.3333335,10.666667,5.666667,11.0],"tintindex":0,"rotation":0,"texture":"#3"},"south":{"uv":[6.666667,8.0,9.333334,8.333334],"tintindex":0,"rotation":0,"texture":"#3"},"north":{"uv":[8.0,5.3333335,10.666667,5.666667],"tintindex":0,"rotation":0,"texture":"#3"},"west":{"uv":[10.666667,5.3333335,11.0,5.666667],"tintindex":0,"rotation":0,"texture":"#3"},"up":{"uv":[10.666667,7.0,8.0,6.666667],"tintindex":0,"rotation":0,"texture":"#3"},"down":{"uv":[12.0,0.0,9.333334,0.33333334],"tintindex":0,"rotation":0,"texture":"#3"}}},{"from":[8.0,7.9750004,6.925],"to":[10.0,7.9750004,9.075],"faces":{"up":{"uv":[2.6666667,7.0,0.0,4.0],"tintindex":0,"rotation":0,"texture":"#3"},"down":{"uv":[5.3333335,4.0,2.6666667,7.0],"tintindex":0,"rotation":0,"texture":"#3"}}}],"display":{"gui":{"rotation":[30,225,0]}}}