{"textures":{"2":"bettermodel:item/c","particle":"bettermodel:item/c"},"elements":[{"from":[5.25,-4.124999,5.25],"to":[10.75,-3.2249994,10.75],"faces":{"north":{"uv":[10.571428,5.428571,12.142858,5.714286],"tintindex":0,"texture":"#2"},"east":{"uv":[10.571428,5.714286,12.142858,6.0],"tintindex":0,"texture":"#2"},"south":{"uv":[10.571428,6.0,12.142858,6.285714],"tintindex":0,"texture":"#2"},"west":{"uv":[10.571428,6.285714,12.142858,6.571429],"tintindex":0,"texture":"#2"},"up":{"uv":[7.857143,3.5714285,6.285714,2.0],"tintindex":0,"texture":"#2"},"down":{"uv":[5.285714,6.285714,3.7142856,7.857143],"tintindex":0,"texture":"#2"}}},{"from":[5.0,-3.5250006,5.0],"to":[11.0,-3.124999,11.0],"faces":{"north":{"uv":[11.428572,4.571429,13.142858,4.714286],"tintindex":0,"texture":"#2"},"east":{"uv":[11.428572,4.857143,13.142858,5.0],"tintindex":0,"texture":"#2"},"south":{"uv":[5.142857,11.428572,6.857143,11.571428],"tintindex":0,"texture":"#2"},"west":{"uv":[10.285714,11.428572,12.0,11.571428],"tintindex":0,"texture":"#2"},"up":{"uv":[5.428571,6.285714,3.7142856,4.571429],"tintindex":0,"texture":"#2"},"down":{"uv":[7.142857,3.7142856,5.428571,5.428571],"tintindex":0,"texture":"#2"}}}]}