{"textures":{"4":"bettermodel:item/g","particle":"bettermodel:item/g"},"elements":[{"from":[3.8000002,7.5,6.0],"to":[12.2,19.7,8.0],"faces":{"north":{"uv":[0.0,0.0,2.6666667,4.0],"tintindex":0,"texture":"#4"},"east":{"uv":[9.333333,8.0,10.0,12.0],"tintindex":0,"texture":"#4"},"south":{"uv":[2.6666667,0.0,5.3333335,4.0],"tintindex":0,"texture":"#4"},"west":{"uv":[9.666667,0.0,10.333333,4.0],"tintindex":0,"texture":"#4"},"up":{"uv":[8.0,11.333333,5.3333335,10.666667],"tintindex":0,"texture":"#4"},"down":{"uv":[13.333333,9.0,10.666667,9.666667],"tintindex":0,"texture":"#4"}}},{"from":[4.3,19.45,8.0],"to":[11.7,19.45,9.5],"faces":{"north":{"uv":[0.0,0.0,2.3333333,0.0],"tintindex":0,"texture":"#4"},"east":{"uv":[0.0,0.0,0.6666667,0.0],"tintindex":0,"texture":"#4"},"south":{"uv":[0.0,0.0,2.3333333,0.0],"tintindex":0,"texture":"#4"},"west":{"uv":[0.0,0.0,0.6666667,0.0],"tintindex":0,"texture":"#4"},"up":{"uv":[13.0,10.333333,10.666667,9.666667],"tintindex":0,"texture":"#4"},"down":{"uv":[13.0,10.333333,10.666667,11.0],"tintindex":0,"texture":"#4"}}},{"from":[11.75,7.5,8.0],"to":[11.75,19.5,9.5],"faces":{"north":{"uv":[0.0,0.0,0.0,4.0],"tintindex":0,"texture":"#4"},"east":{"uv":[9.666667,4.0,10.333333,8.0],"tintindex":0,"texture":"#4"},"south":{"uv":[0.0,0.0,0.0,4.0],"tintindex":0,"texture":"#4"},"west":{"uv":[10.0,8.0,10.666667,12.0],"tintindex":0,"texture":"#4"},"up":{"uv":[0.0,0.6666667,0.0,0.0],"tintindex":0,"texture":"#4"},"down":{"uv":[0.0,0.0,0.0,0.6666667],"tintindex":0,"texture":"#4"}}},{"from":[4.25,7.5,8.0],"to":[4.25,19.5,9.5],"faces":{"north":{"uv":[0.0,0.0,0.0,4.0],"tintindex":0,"texture":"#4"},"east":{"uv":[0.0,10.333333,0.6666667,14.333333],"tintindex":0,"texture":"#4"},"south":{"uv":[0.0,0.0,0.0,4.0],"tintindex":0,"texture":"#4"},"west":{"uv":[10.333333,0.0,11.0,4.0],"tintindex":0,"texture":"#4"},"up":{"uv":[0.0,0.6666667,0.0,0.0],"tintindex":0,"texture":"#4"},"down":{"uv":[0.0,0.0,0.0,0.6666667],"tintindex":0,"texture":"#4"}}}]}