{"textures":{"0":"bettermodel:item/i","particle":"bettermodel:item/i"},"elements":[{"from":[7.8023596,7.82333,7.82625],"to":[8.18236,8.023331,8.20625],"faces":{"north":{"uv":[8.125,6.5,8.25,6.625],"tintindex":0,"texture":"#0"},"east":{"uv":[6.625,8.125,6.75,8.25],"tintindex":0,"texture":"#0"},"south":{"uv":[8.125,6.625,8.25,6.75],"tintindex":0,"texture":"#0"},"west":{"uv":[6.75,8.125,6.875,8.25],"tintindex":0,"texture":"#0"},"up":{"uv":[8.25,6.875,8.125,6.75],"tintindex":0,"texture":"#0"},"down":{"uv":[7.0,8.125,6.875,8.25],"tintindex":0,"texture":"#0"}},"rotation":{"angle":45.0,"axis":"y","origin":[7.99236,11.32333,8.016251]}},{"from":[7.7223597,4.4233303,7.74625],"to":[8.26236,7.82333,8.28625],"faces":{"north":{"uv":[7.25,2.125,7.375,2.625],"tintindex":0,"texture":"#0"},"east":{"uv":[2.375,7.25,2.5,7.75],"tintindex":0,"texture":"#0"},"south":{"uv":[2.5,7.25,2.625,7.75],"tintindex":0,"texture":"#0"},"west":{"uv":[3.0,7.25,3.125,7.75],"tintindex":0,"texture":"#0"},"up":{"uv":[8.25,7.0,8.125,6.875],"tintindex":0,"texture":"#0"},"down":{"uv":[7.125,8.125,7.0,8.25],"tintindex":0,"texture":"#0"}}}]}