{"textures":{"5":"bettermodel:item/d","particle":"bettermodel:item/d"},"elements":[{"from":[-2.0895786,-0.8655348,12.178764],"to":[-2.0895786,16.865536,23.999477],"faces":{"north":{"uv":[0.0,0.0,0.0,3.8888888],"rotation":180,"tintindex":0,"texture":"#5"},"east":{"uv":[0.0,0.0,2.5555556,3.8888888],"rotation":180,"tintindex":0,"texture":"#5"},"south":{"uv":[0.0,0.0,0.0,3.8888888],"rotation":180,"tintindex":0,"texture":"#5"},"west":{"uv":[2.5555556,0.0,5.111111,3.8888888],"rotation":180,"tintindex":0,"texture":"#5"},"up":{"uv":[0.0,0.0,0.0,2.5555556],"tintindex":0,"texture":"#5"},"down":{"uv":[0.0,2.5555556,0.0,0.0],"tintindex":0,"texture":"#5"}},"rotation":{"angle":45.0,"axis":"y","origin":[-2.0895786,8.0,18.089119]}},{"from":[18.089642,-0.8655348,-7.9994116],"to":[18.089642,16.865536,3.821302],"faces":{"north":{"uv":[0.0,0.0,0.0,3.8888888],"rotation":180,"tintindex":0,"texture":"#5"},"east":{"uv":[0.0,3.8888888,2.5555556,7.7777777],"rotation":180,"tintindex":0,"texture":"#5"},"south":{"uv":[0.0,0.0,0.0,3.8888888],"rotation":180,"tintindex":0,"texture":"#5"},"west":{"uv":[2.5555556,3.8888888,5.111111,7.7777777],"rotation":180,"tintindex":0,"texture":"#5"},"up":{"uv":[0.0,0.0,0.0,2.5555556],"tintindex":0,"texture":"#5"},"down":{"uv":[0.0,2.5555556,0.0,0.0],"tintindex":0,"texture":"#5"}},"rotation":{"angle":45.0,"axis":"y","origin":[18.089642,8.0,-2.089055]}},{"from":[22.268787,-0.8655348,2.0899367],"to":[22.268787,16.865536,13.91065],"faces":{"north":{"uv":[0.0,0.0,0.0,3.8888888],"rotation":180,"tintindex":0,"texture":"#5"},"east":{"uv":[5.111111,0.0,7.6666665,3.8888888],"rotation":180,"tintindex":0,"texture":"#5"},"south":{"uv":[0.0,0.0,0.0,3.8888888],"rotation":180,"tintindex":0,"texture":"#5"},"west":{"uv":[5.111111,3.8888888,7.6666665,7.7777777],"rotation":180,"tintindex":0,"texture":"#5"},"up":{"uv":[0.0,0.0,0.0,2.5555556],"tintindex":0,"texture":"#5"},"down":{"uv":[0.0,2.5555556,0.0,0.0],"tintindex":0,"texture":"#5"}}},{"from":[2.089676,-0.8655348,-6.2688313],"to":[13.91039,16.865536,-6.2688313],"faces":{"north":{"uv":[7.6666665,3.8888888,10.222222,7.7777777],"rotation":180,"tintindex":0,"texture":"#5"},"east":{"uv":[0.0,0.0,0.0,3.8888888],"rotation":180,"tintindex":0,"texture":"#5"},"south":{"uv":[7.6666665,0.0,10.222222,3.8888888],"rotation":180,"tintindex":0,"texture":"#5"},"west":{"uv":[0.0,0.0,0.0,3.8888888],"rotation":180,"tintindex":0,"texture":"#5"},"up":{"uv":[2.5555556,0.0,0.0,0.0],"tintindex":0,"texture":"#5"},"down":{"uv":[2.5555556,0.0,0.0,0.0],"tintindex":0,"texture":"#5"}}},{"from":[2.089415,-0.8655348,22.268635],"to":[13.910129,16.865536,22.268635],"faces":{"north":{"uv":[2.5555556,7.7777777,5.111111,11.666667],"rotation":180,"tintindex":0,"texture":"#5"},"east":{"uv":[0.0,0.0,0.0,3.8888888],"rotation":180,"tintindex":0,"texture":"#5"},"south":{"uv":[0.0,7.7777777,2.5555556,11.666667],"rotation":180,"tintindex":0,"texture":"#5"},"west":{"uv":[0.0,0.0,0.0,3.8888888],"rotation":180,"tintindex":0,"texture":"#5"},"up":{"uv":[2.5555556,0.0,0.0,0.0],"tintindex":0,"texture":"#5"},"down":{"uv":[2.5555556,0.0,0.0,0.0],"tintindex":0,"texture":"#5"}}},{"from":[18.089642,-0.8655348,12.179287],"to":[18.089642,16.865536,24.0],"faces":{"north":{"uv":[0.0,0.0,0.0,3.8888888],"rotation":180,"tintindex":0,"texture":"#5"},"east":{"uv":[5.111111,7.7777777,7.6666665,11.666667],"rotation":180,"tintindex":0,"texture":"#5"},"south":{"uv":[0.0,0.0,0.0,3.8888888],"rotation":180,"tintindex":0,"texture":"#5"},"west":{"uv":[7.6666665,7.7777777,10.222222,11.666667],"rotation":180,"tintindex":0,"texture":"#5"},"up":{"uv":[0.0,0.0,0.0,2.5555556],"tintindex":0,"texture":"#5"},"down":{"uv":[0.0,2.5555556,0.0,0.0],"tintindex":0,"texture":"#5"}},"rotation":{"angle":-45.0,"axis":"y","origin":[18.089642,8.0,18.089642]}},{"from":[-2.0895786,-0.8655348,-7.999934],"to":[-2.0895786,16.865536,3.8207793],"faces":{"north":{"uv":[0.0,0.0,0.0,3.8888888],"rotation":180,"tintindex":0,"texture":"#5"},"east":{"uv":[10.222222,0.0,12.777778,3.8888888],"rotation":180,"tintindex":0,"texture":"#5"},"south":{"uv":[0.0,0.0,0.0,3.8888888],"rotation":180,"tintindex":0,"texture":"#5"},"west":{"uv":[10.222222,3.8888888,12.777778,7.7777777],"rotation":180,"tintindex":0,"texture":"#5"},"up":{"uv":[0.0,0.0,0.0,2.5555556],"tintindex":0,"texture":"#5"},"down":{"uv":[0.0,2.5555556,0.0,0.0],"tintindex":0,"texture":"#5"}},"rotation":{"angle":-45.0,"axis":"y","origin":[-2.0895786,8.0,-2.0895777]}},{"from":[-6.2687235,-0.8655348,2.089415],"to":[-6.2687235,16.865536,13.910129],"faces":{"north":{"uv":[0.0,0.0,0.0,3.8888888],"rotation":180,"tintindex":0,"texture":"#5"},"east":{"uv":[10.222222,7.7777777,12.777778,11.666667],"rotation":180,"tintindex":0,"texture":"#5"},"south":{"uv":[0.0,0.0,0.0,3.8888888],"rotation":180,"tintindex":0,"texture":"#5"},"west":{"uv":[0.0,11.666667,2.5555556,15.555555],"rotation":180,"tintindex":0,"texture":"#5"},"up":{"uv":[0.0,0.0,0.0,2.5555556],"tintindex":0,"texture":"#5"},"down":{"uv":[0.0,2.5555556,0.0,0.0],"tintindex":0,"texture":"#5"}}}]}