{"textures":{"0":"bettermodel:item/i","particle":"bettermodel:item/i"},"elements":[{"from":[7.81736,7.7983303,7.82625],"to":[8.19736,7.998329,8.20625],"faces":{"north":{"uv":[8.125,7.5,8.25,7.625],"tintindex":0,"texture":"#0"},"east":{"uv":[7.625,8.125,7.75,8.25],"tintindex":0,"texture":"#0"},"south":{"uv":[8.125,7.625,8.25,7.75],"tintindex":0,"texture":"#0"},"west":{"uv":[7.75,8.125,7.875,8.25],"tintindex":0,"texture":"#0"},"up":{"uv":[8.25,7.875,8.125,7.75],"tintindex":0,"texture":"#0"},"down":{"uv":[8.0,8.125,7.875,8.25],"tintindex":0,"texture":"#0"}},"rotation":{"angle":-45.0,"axis":"y","origin":[8.00736,11.29833,8.016251]}},{"from":[7.73736,5.19833,7.74625],"to":[8.27736,7.7983303,8.28625],"faces":{"north":{"uv":[7.625,0.25,7.75,0.625],"tintindex":0,"texture":"#0"},"east":{"uv":[1.0,7.625,1.125,8.0],"tintindex":0,"texture":"#0"},"south":{"uv":[1.125,7.625,1.25,8.0],"tintindex":0,"texture":"#0"},"west":{"uv":[7.625,1.125,7.75,1.5],"tintindex":0,"texture":"#0"},"up":{"uv":[8.25,8.0,8.125,7.875],"tintindex":0,"texture":"#0"},"down":{"uv":[8.125,8.125,8.0,8.25],"tintindex":0,"texture":"#0"}}}]}