{"textures":{"0":"bettermodel:item/a","particle":"bettermodel:item/a"},"elements":[{"from":[5.4736843,-6.315789,5.263158],"to":[10.526316,6.315789,10.315789],"faces":{"north":{"uv":[5.75,3.25,6.5,5.125],"tintindex":0,"texture":"#0"},"east":{"uv":[5.875,5.125,6.625,7.0],"tintindex":0,"texture":"#0"},"south":{"uv":[0.875,6.0,1.625,7.875],"tintindex":0,"texture":"#0"},"west":{"uv":[1.625,6.0,2.375,7.875],"tintindex":0,"texture":"#0"},"up":{"uv":[12.5,7.875,11.75,7.125],"tintindex":0,"texture":"#0"},"down":{"uv":[12.5,7.875,11.75,8.625],"tintindex":0,"texture":"#0"}}},{"from":[5.5578947,-8.0,3.5789475],"to":[10.442105,-5.4736843,10.231579],"faces":{"north":{"uv":[12.875,4.375,13.625,4.75],"tintindex":0,"texture":"#0"},"east":{"uv":[12.5,9.0,13.5,9.375],"tintindex":0,"texture":"#0"},"south":{"uv":[12.875,4.75,13.625,5.125],"tintindex":0,"texture":"#0"},"west":{"uv":[12.5,9.375,13.5,9.75],"tintindex":0,"texture":"#0"},"up":{"uv":[11.25,8.5,10.5,7.5],"tintindex":0,"texture":"#0"},"down":{"uv":[11.25,9.0,10.5,10.0],"tintindex":0,"texture":"#0"}}}]}