{"textures":{"2":"bettermodel:item/c","particle":"bettermodel:item/c"},"elements":[{"from":[6.604626,7.6434045,7.503867],"to":[7.8449583,8.201554,8.496133],"faces":{"north":{"uv":[6.571429,9.428572,7.142857,9.714286],"tintindex":0,"texture":"#2"},"east":{"uv":[11.714286,8.857142,12.142858,9.142858],"tintindex":0,"texture":"#2"},"south":{"uv":[11.428572,11.142858,12.0,11.428572],"tintindex":0,"texture":"#2"},"west":{"uv":[11.714286,9.142858,12.142858,9.428572],"tintindex":0,"texture":"#2"},"up":{"uv":[12.0,3.857143,11.428572,3.4285715],"tintindex":0,"texture":"#2"},"down":{"uv":[12.0,4.0,11.428572,4.428571],"tintindex":0,"texture":"#2"}}},{"from":[7.1937838,7.5503793,7.4418507],"to":[7.3488255,8.263571,8.558149],"faces":{"north":{"uv":[12.0,10.571428,12.142858,10.857142],"tintindex":0,"texture":"#2"},"east":{"uv":[0.85714287,11.714286,1.4285715,12.0],"tintindex":0,"texture":"#2"},"south":{"uv":[0.2857143,12.285714,0.42857143,12.571428],"tintindex":0,"texture":"#2"},"west":{"uv":[11.714286,1.1428572,12.285714,1.4285715],"tintindex":0,"texture":"#2"},"up":{"uv":[3.857143,12.571428,3.7142856,12.0],"tintindex":0,"texture":"#2"},"down":{"uv":[12.142858,11.142858,12.0,11.714286],"tintindex":0,"texture":"#2"}}},{"from":[23.84496,7.5503793,7.4418507],"to":[24.0,8.263571,8.558149],"faces":{"north":{"uv":[0.5714286,12.285714,0.71428573,12.571428],"tintindex":0,"texture":"#2"},"east":{"uv":[11.714286,1.4285715,12.285714,1.7142857],"tintindex":0,"texture":"#2"},"south":{"uv":[12.285714,1.1428572,12.428572,1.4285715],"tintindex":0,"texture":"#2"},"west":{"uv":[11.714286,1.7142857,12.285714,2.0],"tintindex":0,"texture":"#2"},"up":{"uv":[12.142858,12.285714,12.0,11.714286],"tintindex":0,"texture":"#2"},"down":{"uv":[12.428572,0.0,12.285714,0.5714286],"tintindex":0,"texture":"#2"}}}]}