{"textures":{"2":"bettermodel:item/c","particle":"bettermodel:item/c"},"elements":[{"from":[5.249999,-4.124999,5.25],"to":[10.75,-3.2249994,10.75],"faces":{"north":{"uv":[9.428572,8.0,11.0,8.285714],"tintindex":0,"texture":"#2"},"east":{"uv":[9.714286,0.85714287,11.285714,1.1428572],"tintindex":0,"texture":"#2"},"south":{"uv":[10.571428,2.5714285,12.142858,2.857143],"tintindex":0,"texture":"#2"},"west":{"uv":[10.571428,5.142857,12.142858,5.428571],"tintindex":0,"texture":"#2"},"up":{"uv":[7.0,7.0,5.428571,5.428571],"tintindex":0,"texture":"#2"},"down":{"uv":[3.5714285,6.285714,2.0,7.857143],"tintindex":0,"texture":"#2"}}},{"from":[4.999999,-3.5250006,5.0],"to":[11.0,-3.124999,11.0],"faces":{"north":{"uv":[11.142858,7.142857,12.857142,7.285714],"tintindex":0,"texture":"#2"},"east":{"uv":[11.142858,8.0,12.857142,8.142858],"tintindex":0,"texture":"#2"},"south":{"uv":[11.142858,9.428572,12.857142,9.571428],"tintindex":0,"texture":"#2"},"west":{"uv":[11.428572,0.85714287,13.142858,1.0],"tintindex":0,"texture":"#2"},"up":{"uv":[3.7142856,6.285714,2.0,4.571429],"tintindex":0,"texture":"#2"},"down":{"uv":[6.285714,2.0,4.571429,3.7142856],"tintindex":0,"texture":"#2"}}}]}