{"textures":{"3":"bettermodel:item/f","particle":"bettermodel:item/f"},"elements":[{"from":[7.0,7.9375,7.925],"to":[9.0,8.0875,8.075],"faces":{"north":{"uv":[1.3333334,8.0,4.0,8.333333],"tintindex":-2,"texture":"#3"},"east":{"uv":[10.666667,2.6666667,11.0,3.0],"tintindex":-2,"texture":"#3"},"south":{"uv":[8.0,2.6666667,10.666667,3.0],"tintindex":-2,"texture":"#3"},"west":{"uv":[10.666667,4.0,11.0,4.3333335],"tintindex":-2,"texture":"#3"},"up":{"uv":[6.6666665,8.333333,4.0,8.0],"tintindex":-2,"texture":"#3"},"down":{"uv":[10.666667,4.0,8.0,4.3333335],"tintindex":-2,"texture":"#3"}}},{"from":[7.0,7.987501,6.675],"to":[9.0,7.987501,9.325],"faces":{"north":{"uv":[0.0,0.0,2.6666667,0.0],"tintindex":-2,"texture":"#3"},"east":{"uv":[0.0,0.0,3.6666667,0.0],"tintindex":-2,"texture":"#3"},"south":{"uv":[0.0,0.0,2.6666667,0.0],"tintindex":-2,"texture":"#3"},"west":{"uv":[0.0,0.0,3.6666667,0.0],"tintindex":-2,"texture":"#3"},"up":{"uv":[2.6666667,3.6666667,0.0,0.0],"tintindex":-2,"texture":"#3"},"down":{"uv":[5.3333335,0.0,2.6666667,3.6666667],"tintindex":-2,"texture":"#3"}}}]}