{"textures":{"3":"bettermodel:item/f","particle":"bettermodel:item/f"},"elements":[{"from":[8.0,7.924999,7.925],"to":[10.0,8.074999,8.075],"faces":{"north":{"uv":[8.0,5.3333335,10.666667,5.6666665],"tintindex":-2,"texture":"#3"},"east":{"uv":[5.3333335,10.666667,5.6666665,11.0],"tintindex":-2,"texture":"#3"},"south":{"uv":[6.6666665,8.0,9.333333,8.333333],"tintindex":-2,"texture":"#3"},"west":{"uv":[10.666667,5.3333335,11.0,5.6666665],"tintindex":-2,"texture":"#3"},"up":{"uv":[10.666667,7.0,8.0,6.6666665],"tintindex":-2,"texture":"#3"},"down":{"uv":[12.0,0.0,9.333333,0.33333334],"tintindex":-2,"texture":"#3"}}},{"from":[8.0,7.9750004,6.925],"to":[10.0,7.9750004,9.075],"faces":{"north":{"uv":[0.0,0.0,2.6666667,0.0],"tintindex":-2,"texture":"#3"},"east":{"uv":[0.0,0.0,3.0,0.0],"tintindex":-2,"texture":"#3"},"south":{"uv":[0.0,0.0,2.6666667,0.0],"tintindex":-2,"texture":"#3"},"west":{"uv":[0.0,0.0,3.0,0.0],"tintindex":-2,"texture":"#3"},"up":{"uv":[2.6666667,7.0,0.0,4.0],"tintindex":-2,"texture":"#3"},"down":{"uv":[5.3333335,4.0,2.6666667,7.0],"tintindex":-2,"texture":"#3"}}}]}