{"textures":{"3":"bettermodel:item/f","particle":"bettermodel:item/f"},"elements":[{"from":[8.0,7.924999,7.925],"to":[10.0,8.074999,8.075],"faces":{"north":{"uv":[1.3333334,9.333333,4.0,9.666667],"tintindex":-2,"texture":"#3"},"east":{"uv":[6.6666665,10.666667,7.0,11.0],"tintindex":-2,"texture":"#3"},"south":{"uv":[9.333333,1.3333334,12.0,1.6666666],"tintindex":-2,"texture":"#3"},"west":{"uv":[10.666667,6.6666665,11.0,7.0],"tintindex":-2,"texture":"#3"},"up":{"uv":[6.6666665,9.666667,4.0,9.333333],"tintindex":-2,"texture":"#3"},"down":{"uv":[9.333333,9.333333,6.6666665,9.666667],"tintindex":-2,"texture":"#3"}}},{"from":[8.0,7.9750004,7.175],"to":[9.0,7.9750004,8.825],"faces":{"north":{"uv":[0.0,0.0,1.3333334,0.0],"tintindex":-2,"texture":"#3"},"east":{"uv":[0.0,0.0,2.3333333,0.0],"tintindex":-2,"texture":"#3"},"south":{"uv":[0.0,0.0,1.3333334,0.0],"tintindex":-2,"texture":"#3"},"west":{"uv":[0.0,0.0,2.3333333,0.0],"tintindex":-2,"texture":"#3"},"up":{"uv":[1.3333334,10.333333,0.0,8.0],"tintindex":-2,"texture":"#3"},"down":{"uv":[9.333333,0.0,8.0,2.3333333],"tintindex":-2,"texture":"#3"}}}]}