{"textures":{"3":"bettermodel:item/f","particle":"bettermodel:item/f"},"elements":[{"from":[6.0,7.924999,7.925],"to":[8.0,8.074999,8.075],"faces":{"north":{"uv":[9.333333,8.0,12.0,8.333333],"tintindex":-2,"texture":"#3"},"east":{"uv":[8.0,10.666667,8.333333,11.0],"tintindex":-2,"texture":"#3"},"south":{"uv":[9.333333,9.333333,12.0,9.666667],"tintindex":-2,"texture":"#3"},"west":{"uv":[9.333333,10.666667,9.666667,11.0],"tintindex":-2,"texture":"#3"},"up":{"uv":[2.6666667,11.0,0.0,10.666667],"tintindex":-2,"texture":"#3"},"down":{"uv":[5.3333335,10.666667,2.6666667,11.0],"tintindex":-2,"texture":"#3"}}},{"from":[6.0,7.9750004,6.925],"to":[8.0,7.9750004,9.075],"faces":{"north":{"uv":[0.0,0.0,2.6666667,0.0],"tintindex":-2,"texture":"#3"},"east":{"uv":[0.0,0.0,3.0,0.0],"tintindex":-2,"texture":"#3"},"south":{"uv":[0.0,0.0,2.6666667,0.0],"tintindex":-2,"texture":"#3"},"west":{"uv":[0.0,0.0,3.0,0.0],"tintindex":-2,"texture":"#3"},"up":{"uv":[8.0,3.0,5.3333335,0.0],"tintindex":-2,"texture":"#3"},"down":{"uv":[8.0,4.0,5.3333335,7.0],"tintindex":-2,"texture":"#3"}}}]}