{"textures":{"0":"bettermodel:item/i","particle":"bettermodel:item/i"},"elements":[{"from":[8.44364,7.4397984,7.47292],"to":[9.42364,8.399799,8.49292],"faces":{"north":{"uv":[8.125,6.0,8.25,6.125],"tintindex":-2,"texture":"#0"},"east":{"uv":[6.125,8.125,6.25,8.25],"tintindex":-2,"texture":"#0"},"south":{"uv":[8.125,6.125,8.25,6.25],"tintindex":-2,"texture":"#0"},"west":{"uv":[6.25,8.125,6.375,8.25],"tintindex":-2,"texture":"#0"},"up":{"uv":[8.25,6.375,8.125,6.25],"tintindex":-2,"texture":"#0"},"down":{"uv":[6.5,8.125,6.375,8.25],"tintindex":-2,"texture":"#0"}},"rotation":{"angle":45.0,"axis":"z","origin":[8.69364,7.6698,7.9829197]}},{"from":[7.22364,5.799799,7.47292],"to":[8.68364,7.9997997,8.49292],"faces":{"north":{"uv":[6.375,5.875,6.625,6.25],"tintindex":-2,"texture":"#0"},"east":{"uv":[6.5,7.5,6.625,7.875],"tintindex":-2,"texture":"#0"},"south":{"uv":[6.375,6.25,6.625,6.625],"tintindex":-2,"texture":"#0"},"west":{"uv":[6.875,7.5,7.0,7.875],"tintindex":-2,"texture":"#0"},"up":{"uv":[8.125,2.5,7.875,2.375],"tintindex":-2,"texture":"#0"},"down":{"uv":[8.125,2.625,7.875,2.75],"tintindex":-2,"texture":"#0"}}}]}