{"textures":{"2":"bettermodel:item/c","particle":"bettermodel:item/c"},"elements":[{"from":[5.2499995,9.549999,7.0],"to":[5.7499995,12.200001,7.5],"faces":{"north":{"uv":[10.857142,11.714286,11.0,12.428572],"tintindex":-2,"texture":"#2"},"east":{"uv":[11.142858,11.714286,11.285714,12.428572],"tintindex":-2,"texture":"#2"},"south":{"uv":[11.428572,11.714286,11.571428,12.428572],"tintindex":-2,"texture":"#2"},"west":{"uv":[11.714286,11.714286,11.857142,12.428572],"tintindex":-2,"texture":"#2"},"up":{"uv":[12.428572,2.7142856,12.285714,2.5714285],"tintindex":-2,"texture":"#2"},"down":{"uv":[12.428572,2.857143,12.285714,3.0],"tintindex":-2,"texture":"#2"}}},{"from":[5.7499995,9.049999,6.9000015],"to":[6.25,11.700001,7.4000015],"faces":{"north":{"uv":[0.85714287,12.0,1.0,12.714286],"tintindex":-2,"texture":"#2"},"east":{"uv":[1.1428572,12.0,1.2857143,12.714286],"tintindex":-2,"texture":"#2"},"south":{"uv":[12.0,2.857143,12.142858,3.5714285],"tintindex":-2,"texture":"#2"},"west":{"uv":[3.4285715,12.0,3.5714285,12.714286],"tintindex":-2,"texture":"#2"},"up":{"uv":[12.428572,3.2857144,12.285714,3.142857],"tintindex":-2,"texture":"#2"},"down":{"uv":[12.428572,3.4285715,12.285714,3.5714285],"tintindex":-2,"texture":"#2"}},"rotation":{"angle":-22.5,"axis":"x","origin":[6.5,10.375,6.75]}},{"from":[4.9999995,8.5,5.9000015],"to":[5.9999995,11.15,6.9000015],"faces":{"north":{"uv":[1.7142857,6.571429,2.0,7.285714],"tintindex":-2,"texture":"#2"},"east":{"uv":[5.142857,8.0,5.428571,8.714286],"tintindex":-2,"texture":"#2"},"south":{"uv":[4.0,10.571428,4.285714,11.285714],"tintindex":-2,"texture":"#2"},"west":{"uv":[9.714286,10.571428,10.0,11.285714],"tintindex":-2,"texture":"#2"},"up":{"uv":[4.285714,8.857142,4.0,8.571428],"tintindex":-2,"texture":"#2"},"down":{"uv":[6.571429,10.285714,6.285714,10.571428],"tintindex":-2,"texture":"#2"}},"rotation":{"angle":-22.5,"axis":"x","origin":[5.4999995,9.875,6.25]}},{"from":[4.9999995,9.25,7.049999],"to":[5.9999995,11.9,8.049999],"faces":{"north":{"uv":[4.0,11.428572,4.285714,12.142858],"tintindex":-2,"texture":"#2"},"east":{"uv":[9.714286,11.428572,10.0,12.142858],"tintindex":-2,"texture":"#2"},"south":{"uv":[11.428572,10.285714,11.714286,11.0],"tintindex":-2,"texture":"#2"},"west":{"uv":[0.0,11.714286,0.2857143,12.428572],"tintindex":-2,"texture":"#2"},"up":{"uv":[6.285714,11.428572,6.0,11.142858],"tintindex":-2,"texture":"#2"},"down":{"uv":[12.0,10.571428,11.714286,10.857142],"tintindex":-2,"texture":"#2"}},"rotation":{"angle":22.5,"axis":"x","origin":[6.5,9.875,8.25]}}]}