{"textures":{"5":"bettermodel:item/d","particle":"bettermodel:item/d"},"elements":[{"from":[-2.0895777,12.178764,-0.8655348],"to":[-2.0895777,23.99948,16.865536],"faces":{"north":{"uv":[0.0,0.0,0.0,2.5555556],"rotation":180,"tintindex":-2,"texture":"#5"},"east":{"uv":[0.0,0.0,2.5555556,3.8888888],"rotation":270,"tintindex":-2,"texture":"#5"},"south":{"uv":[0.0,2.5555556,0.0,0.0],"tintindex":-2,"texture":"#5"},"west":{"uv":[2.5555556,0.0,5.111111,3.8888888],"rotation":90,"tintindex":-2,"texture":"#5"},"up":{"uv":[0.0,0.0,0.0,3.8888888],"rotation":180,"tintindex":-2,"texture":"#5"},"down":{"uv":[0.0,0.0,0.0,3.8888888],"tintindex":-2,"texture":"#5"}},"rotation":{"angle":-45.0,"axis":"z","origin":[-2.0895777,18.089123,8.0]}},{"from":[18.089643,-7.9994125,-0.8655348],"to":[18.089643,3.821301,16.865536],"faces":{"north":{"uv":[0.0,0.0,0.0,2.5555556],"rotation":180,"tintindex":-2,"texture":"#5"},"east":{"uv":[0.0,3.8888888,2.5555556,7.7777777],"rotation":270,"tintindex":-2,"texture":"#5"},"south":{"uv":[0.0,2.5555556,0.0,0.0],"tintindex":-2,"texture":"#5"},"west":{"uv":[2.5555556,3.8888888,5.111111,7.7777777],"rotation":90,"tintindex":-2,"texture":"#5"},"up":{"uv":[0.0,0.0,0.0,3.8888888],"rotation":180,"tintindex":-2,"texture":"#5"},"down":{"uv":[0.0,0.0,0.0,3.8888888],"tintindex":-2,"texture":"#5"}},"rotation":{"angle":-45.0,"axis":"z","origin":[18.089643,-2.089055,8.0]}},{"from":[22.26879,2.0899367,-0.8655348],"to":[22.26879,13.910651,16.865536],"faces":{"north":{"uv":[0.0,0.0,0.0,2.5555556],"rotation":180,"tintindex":-2,"texture":"#5"},"east":{"uv":[5.111111,0.0,7.6666665,3.8888888],"rotation":270,"tintindex":-2,"texture":"#5"},"south":{"uv":[0.0,2.5555556,0.0,0.0],"tintindex":-2,"texture":"#5"},"west":{"uv":[5.111111,3.8888888,7.6666665,7.7777777],"rotation":90,"tintindex":-2,"texture":"#5"},"up":{"uv":[0.0,0.0,0.0,3.8888888],"rotation":180,"tintindex":-2,"texture":"#5"},"down":{"uv":[0.0,0.0,0.0,3.8888888],"tintindex":-2,"texture":"#5"}}},{"from":[2.0896754,-6.2688313,-0.8655348],"to":[13.91039,-6.2688313,16.865536],"faces":{"north":{"uv":[2.5555556,0.0,0.0,0.0],"rotation":180,"tintindex":-2,"texture":"#5"},"east":{"uv":[0.0,0.0,0.0,3.8888888],"rotation":270,"tintindex":-2,"texture":"#5"},"south":{"uv":[2.5555556,0.0,0.0,0.0],"tintindex":-2,"texture":"#5"},"west":{"uv":[0.0,0.0,0.0,3.8888888],"rotation":90,"tintindex":-2,"texture":"#5"},"up":{"uv":[7.6666665,0.0,10.222222,3.8888888],"rotation":180,"tintindex":-2,"texture":"#5"},"down":{"uv":[7.6666665,3.8888888,10.222222,7.7777777],"tintindex":-2,"texture":"#5"}}},{"from":[2.0894141,22.268635,-0.8655348],"to":[13.910129,22.268635,16.865536],"faces":{"north":{"uv":[2.5555556,0.0,0.0,0.0],"rotation":180,"tintindex":-2,"texture":"#5"},"east":{"uv":[0.0,0.0,0.0,3.8888888],"rotation":270,"tintindex":-2,"texture":"#5"},"south":{"uv":[2.5555556,0.0,0.0,0.0],"tintindex":-2,"texture":"#5"},"west":{"uv":[0.0,0.0,0.0,3.8888888],"rotation":90,"tintindex":-2,"texture":"#5"},"up":{"uv":[0.0,7.7777777,2.5555556,11.666667],"rotation":180,"tintindex":-2,"texture":"#5"},"down":{"uv":[2.5555556,7.7777777,5.111111,11.666667],"tintindex":-2,"texture":"#5"}}},{"from":[18.089643,12.179287,-0.8655348],"to":[18.089643,24.0,16.865536],"faces":{"north":{"uv":[0.0,0.0,0.0,2.5555556],"rotation":180,"tintindex":-2,"texture":"#5"},"east":{"uv":[5.111111,7.7777777,7.6666665,11.666667],"rotation":270,"tintindex":-2,"texture":"#5"},"south":{"uv":[0.0,2.5555556,0.0,0.0],"tintindex":-2,"texture":"#5"},"west":{"uv":[7.6666665,7.7777777,10.222222,11.666667],"rotation":90,"tintindex":-2,"texture":"#5"},"up":{"uv":[0.0,0.0,0.0,3.8888888],"rotation":180,"tintindex":-2,"texture":"#5"},"down":{"uv":[0.0,0.0,0.0,3.8888888],"tintindex":-2,"texture":"#5"}},"rotation":{"angle":45.0,"axis":"z","origin":[18.089643,18.089645,8.0]}},{"from":[-2.0895777,-7.999935,-0.8655348],"to":[-2.0895777,3.8207793,16.865536],"faces":{"north":{"uv":[0.0,0.0,0.0,2.5555556],"rotation":180,"tintindex":-2,"texture":"#5"},"east":{"uv":[10.222222,0.0,12.777778,3.8888888],"rotation":270,"tintindex":-2,"texture":"#5"},"south":{"uv":[0.0,2.5555556,0.0,0.0],"tintindex":-2,"texture":"#5"},"west":{"uv":[10.222222,3.8888888,12.777778,7.7777777],"rotation":90,"tintindex":-2,"texture":"#5"},"up":{"uv":[0.0,0.0,0.0,3.8888888],"rotation":180,"tintindex":-2,"texture":"#5"},"down":{"uv":[0.0,0.0,0.0,3.8888888],"tintindex":-2,"texture":"#5"}},"rotation":{"angle":45.0,"axis":"z","origin":[-2.0895777,-2.0895777,8.0]}},{"from":[-6.2687244,2.0894146,-0.8655348],"to":[-6.2687244,13.910129,16.865536],"faces":{"north":{"uv":[0.0,0.0,0.0,2.5555556],"rotation":180,"tintindex":-2,"texture":"#5"},"east":{"uv":[10.222222,7.7777777,12.777778,11.666667],"rotation":270,"tintindex":-2,"texture":"#5"},"south":{"uv":[0.0,2.5555556,0.0,0.0],"tintindex":-2,"texture":"#5"},"west":{"uv":[0.0,11.666667,2.5555556,15.555555],"rotation":90,"tintindex":-2,"texture":"#5"},"up":{"uv":[0.0,0.0,0.0,3.8888888],"rotation":180,"tintindex":-2,"texture":"#5"},"down":{"uv":[0.0,0.0,0.0,3.8888888],"tintindex":-2,"texture":"#5"}}}]}