{"textures":{"4":"bettermodel:item/g","particle":"bettermodel:item/g"},"elements":[{"from":[5.333333,23.809525,8.380953],"to":[10.666667,23.809525,9.523809],"faces":{"north":{"uv":[0.0,0.0,2.3333333,0.0],"tintindex":-2,"texture":"#4"},"east":{"uv":[0.0,0.0,0.6666667,0.0],"tintindex":-2,"texture":"#4"},"south":{"uv":[0.0,0.0,2.3333333,0.0],"tintindex":-2,"texture":"#4"},"west":{"uv":[0.0,0.0,0.6666667,0.0],"tintindex":-2,"texture":"#4"},"up":{"uv":[13.333333,0.6666667,11.0,0.0],"tintindex":-2,"texture":"#4"},"down":{"uv":[13.333333,0.6666667,11.0,1.3333334],"tintindex":-2,"texture":"#4"}}},{"from":[4.952381,14.857143,9.523809],"to":[11.047619,24.0,11.809524],"faces":{"north":{"uv":[0.0,4.0,2.6666667,8.0],"tintindex":-2,"texture":"#4"},"east":{"uv":[8.666667,0.0,9.666667,4.0],"tintindex":-2,"texture":"#4"},"south":{"uv":[2.6666667,4.0,5.3333335,8.0],"tintindex":-2,"texture":"#4"},"west":{"uv":[8.666667,4.0,9.666667,8.0],"tintindex":-2,"texture":"#4"},"up":{"uv":[3.3333333,11.333333,0.6666667,10.333333],"tintindex":-2,"texture":"#4"},"down":{"uv":[13.0,4.0,10.333333,5.0],"tintindex":-2,"texture":"#4"}}},{"from":[10.6285715,14.857143,8.380953],"to":[10.6285715,24.0,9.523809],"faces":{"north":{"uv":[0.0,0.0,0.0,4.0],"tintindex":-2,"texture":"#4"},"east":{"uv":[4.6666665,10.666667,5.3333335,14.666667],"tintindex":-2,"texture":"#4"},"south":{"uv":[0.0,0.0,0.0,4.0],"tintindex":-2,"texture":"#4"},"west":{"uv":[10.666667,5.0,11.333333,9.0],"tintindex":-2,"texture":"#4"},"up":{"uv":[0.0,0.6666667,0.0,0.0],"tintindex":-2,"texture":"#4"},"down":{"uv":[0.0,0.0,0.0,0.6666667],"tintindex":-2,"texture":"#4"}}},{"from":[5.295238,14.857143,8.380953],"to":[5.295238,24.0,9.523809],"faces":{"north":{"uv":[0.0,0.0,0.0,4.0],"tintindex":-2,"texture":"#4"},"east":{"uv":[3.3333333,10.666667,4.0,14.666667],"tintindex":-2,"texture":"#4"},"south":{"uv":[0.0,0.0,0.0,4.0],"tintindex":-2,"texture":"#4"},"west":{"uv":[4.0,10.666667,4.6666665,14.666667],"tintindex":-2,"texture":"#4"},"up":{"uv":[0.0,0.6666667,0.0,0.0],"tintindex":-2,"texture":"#4"},"down":{"uv":[0.0,0.0,0.0,0.6666667],"tintindex":-2,"texture":"#4"}}}]}