{"textures":{"0":"bettermodel:item/i","particle":"bettermodel:item/i"},"elements":[{"from":[8.0,5.97126,7.28333],"to":[8.0,7.97126,8.73333],"faces":{"north":{"uv":[4.75,7.875,4.875,8.125],"tintindex":-2,"texture":"#0"},"east":{"uv":[4.75,7.875,4.875,8.125],"tintindex":-2,"texture":"#0"},"south":{"uv":[4.75,7.875,4.875,8.125],"tintindex":-2,"texture":"#0"},"west":{"uv":[4.75,7.875,4.875,8.125],"tintindex":-2,"texture":"#0"},"up":{"uv":[4.75,7.875,4.875,8.125],"tintindex":-2,"texture":"#0"},"down":{"uv":[4.75,7.875,4.875,8.125],"tintindex":-2,"texture":"#0"}}},{"from":[8.0,7.3962603,7.93333],"to":[8.0,8.64626,8.38333],"faces":{"north":{"uv":[8.25,3.125,8.375,3.25],"tintindex":-2,"texture":"#0"},"east":{"uv":[8.25,3.125,8.375,3.25],"tintindex":-2,"texture":"#0"},"south":{"uv":[8.25,3.125,8.375,3.25],"tintindex":-2,"texture":"#0"},"west":{"uv":[8.25,3.125,8.375,3.25],"tintindex":-2,"texture":"#0"},"up":{"uv":[8.25,3.125,8.375,3.25],"tintindex":-2,"texture":"#0"},"down":{"uv":[8.25,3.125,8.375,3.25],"tintindex":-2,"texture":"#0"}},"rotation":{"angle":-22.5,"axis":"x","origin":[8.0,5.47126,9.00833]}},{"from":[8.0,7.3962603,7.60833],"to":[8.0,8.64626,8.05833],"faces":{"north":{"uv":[8.25,3.25,8.375,3.375],"tintindex":-2,"texture":"#0"},"east":{"uv":[8.25,3.25,8.375,3.375],"tintindex":-2,"texture":"#0"},"south":{"uv":[8.25,3.25,8.375,3.375],"tintindex":-2,"texture":"#0"},"west":{"uv":[8.25,3.25,8.375,3.375],"tintindex":-2,"texture":"#0"},"up":{"uv":[8.25,3.25,8.375,3.375],"tintindex":-2,"texture":"#0"},"down":{"uv":[8.25,3.25,8.375,3.375],"tintindex":-2,"texture":"#0"}},"rotation":{"angle":22.5,"axis":"x","origin":[8.0,5.47126,6.98333]}}]}