{"textures":{"0":"bettermodel:item/a","particle":"bettermodel:item/a"},"elements":[{"from":[5.4736843,-6.315789,5.263158],"to":[10.526316,6.315789,10.315789],"faces":{"north":{"uv":[2.375,6.0,3.125,7.875],"tintindex":-2,"texture":"#0"},"east":{"uv":[3.125,6.0,3.875,7.875],"tintindex":-2,"texture":"#0"},"south":{"uv":[3.875,6.0,4.625,7.875],"tintindex":-2,"texture":"#0"},"west":{"uv":[6.375,0.0,7.125,1.875],"tintindex":-2,"texture":"#0"},"up":{"uv":[9.375,12.5,8.625,11.75],"tintindex":-2,"texture":"#0"},"down":{"uv":[12.5,9.0,11.75,9.75],"tintindex":-2,"texture":"#0"}}},{"from":[5.5578947,-8.0,3.5789475],"to":[10.442105,-5.4736843,10.231579],"faces":{"north":{"uv":[10.625,12.875,11.375,13.25],"tintindex":-2,"texture":"#0"},"east":{"uv":[0.5,12.625,1.5,13.0],"tintindex":-2,"texture":"#0"},"south":{"uv":[11.375,12.875,12.125,13.25],"tintindex":-2,"texture":"#0"},"west":{"uv":[12.625,1.0,13.625,1.375],"tintindex":-2,"texture":"#0"},"up":{"uv":[11.25,11.0,10.5,10.0],"tintindex":-2,"texture":"#0"},"down":{"uv":[0.75,10.625,0.0,11.625],"tintindex":-2,"texture":"#0"}}}]}